{
  "label_aps": {
    "car": {
      "0.5": 0.2563999994031016,
      "1.0": 0.4994085143787357,
      "2.0": 0.6564621749646055,
      "4.0": 0.7553390121514398
    },
    "truck": {
      "0.5": 0.15198127269512757,
      "1.0": 0.41414175164629485,
      "2.0": 0.5666798888151696,
      "4.0": 0.6348181152970058
    },
    "bus": {
      "0.5": 0.29538149428172017,
      "1.0": 0.5093043259282162,
      "2.0": 0.6615450432551883,
      "4.0": 0.7285809011012949
    },
    "trailer": {
      "0.5": 0.0,
      "1.0": 0.0,
      "2.0": 0.0,
      "4.0": 0.0
    },
    "construction_vehicle": {
      "0.5": 0.0,
      "1.0": 0.0,
      "2.0": 0.0,
      "4.0": 0.0
    },
    "pedestrian": {
      "0.5": 0.1584606031551429,
      "1.0": 0.34807699443346185,
      "2.0": 0.5872428299134974,
      "4.0": 0.7762450716185476
    },
    "motorcycle": {
      "0.5": 0.05942168470466969,
      "1.0": 0.20689700555196294,
      "2.0": 0.4143971793216691,
      "4.0": 0.590992469568504
    },
    "bicycle": {
      "0.5": 0.07880050444674892,
      "1.0": 0.1605029109192351,
      "2.0": 0.21353972438843166,
      "4.0": 0.2946780525953535
    },
    "traffic_cone": {
      "0.5": 0.2945840006430342,
      "1.0": 0.6493325808759429,
      "2.0": 0.7761841638014048,
      "4.0": 0.7772994575513473
    },
    "barrier": {
      "0.5": 0.0,
      "1.0": 0.0,
      "2.0": 0.0,
      "4.0": 0.0
    }
  },
  "mean_dist_aps": {
    "car": 0.5419024252244706,
    "truck": 0.44190525711339945,
    "bus": 0.5487029411416049,
    "trailer": 0.0,
    "construction_vehicle": 0.0,
    "pedestrian": 0.46750637478016244,
    "motorcycle": 0.31792708478670145,
    "bicycle": 0.1868802980874423,
    "traffic_cone": 0.6243500507179323,
    "barrier": 0.0
  },
  "mean_ap": 0.31291744318517134,
  "label_tp_errors": {
    "car": {
      "trans_err": 0.41803183677651073,
      "scale_err": 0.15878029787861844,
      "orient_err": 0.11965255919573216,
      "vel_err": 0.1519025752712544,
      "attr_err": 0.07267205040289866
    },
    "truck": {
      "trans_err": 0.5424061611226012,
      "scale_err": 0.1683046008869661,
      "orient_err": 0.13335822984209045,
      "vel_err": 0.141459121333595,
      "attr_err": 0.12201640882228812
    },
    "bus": {
      "trans_err": 0.4843706092469885,
      "scale_err": 0.08135312859607292,
      "orient_err": 0.07854736754336981,
      "vel_err": 1.399979907696382,
      "attr_err": 0.08999419476809849
    },
    "trailer": {
      "trans_err": 1.0,
      "scale_err": 1.0,
      "orient_err": 1.0,
      "vel_err": 1.0,
      "attr_err": 1.0
    },
    "construction_vehicle": {
      "trans_err": 1.0,
      "scale_err": 1.0,
      "orient_err": 1.0,
      "vel_err": 1.0,
      "attr_err": 1.0
    },
    "pedestrian": {
      "trans_err": 0.5605440188846587,
      "scale_err": 0.26151718918411715,
      "orient_err": 0.49141555608894294,
      "vel_err": 0.5116875471092075,
      "attr_err": 0.11806916207258208
    },
    "motorcycle": {
      "trans_err": 0.6888238595931657,
      "scale_err": 0.3419158847088419,
      "orient_err": 1.1674720887658696,
      "vel_err": 0.06097748575256318,
      "attr_err": 0.016276465770434245
    },
    "bicycle": {
      "trans_err": 0.44850744198922676,
      "scale_err": 0.2992507812782959,
      "orient_err": 0.4170461953127056,
      "vel_err": 1.8317991545503058,
      "attr_err": 0.04813757158338435
    },
    "traffic_cone": {
      "trans_err": 0.44747698182919604,
      "scale_err": 0.31852139575799776,
      "orient_err": NaN,
      "vel_err": NaN,
      "attr_err": NaN
    },
    "barrier": {
      "trans_err": 1.0,
      "scale_err": 1.0,
      "orient_err": 1.0,
      "vel_err": NaN,
      "attr_err": NaN
    }
  },
  "tp_errors": {
    "trans_err": 0.6590160909442347,
    "scale_err": 0.462964327829091,
    "orient_err": 0.60083244408319,
    "vel_err": 0.7622257239641634,
    "attr_err": 0.3083957316774607
  },
  "tp_scores": {
    "trans_err": 0.34098390905576526,
    "scale_err": 0.537035672170909,
    "orient_err": 0.39916755591680997,
    "vel_err": 0.23777427603583656,
    "attr_err": 0.6916042683225393
  },
  "nd_score": 0.3771152897427717,
  "eval_time": 5.249294996261597,
  "cfg": {
    "class_range": {
      "car": 50,
      "truck": 50,
      "bus": 50,
      "trailer": 50,
      "construction_vehicle": 50,
      "pedestrian": 40,
      "motorcycle": 40,
      "bicycle": 40,
      "traffic_cone": 30,
      "barrier": 30
    },
    "dist_fcn": "center_distance",
    "dist_ths": [
      0.5,
      1.0,
      2.0,
      4.0
    ],
    "dist_th_tp": 2.0,
    "min_recall": 0.1,
    "min_precision": 0.1,
    "max_boxes_per_sample": 500,
    "mean_ap_weight": 5
  },
  "meta": {
    "use_camera": true,
    "use_lidar": false,
    "use_radar": true,
    "use_map": false,
    "use_external": false
  }
}